HSK Level,Word
3,阿姨
3,啊
5,唉
6,哎哟
6,挨
6,癌症
3,矮
1,爱
6,爱不释手
6,爱戴
3,爱好
5,爱护
6,暧昧
4,爱情
5,爱惜
5,爱心
3,安静
6,安居乐业
6,安宁
4,安排
4,安全
5,安慰
6,安详
6,安置
5,安装
5,岸
4,暗
6,案件
6,案例
6,按摩
4,按时
6,暗示
4,按照
6,昂贵
6,凹凸
6,熬
6,奥秘
1,八
6,扒
6,疤
6,巴不得
6,巴结
6,拔苗助长
3,把
6,把关
6,把手
5,把握
6,把戏
1,爸爸
6,霸道
6,罢工
2,吧
6,掰
2,白
5,摆
2,百
6,百分点
6,摆脱
6,拜访
6,败坏
6,拜年
6,拜托
3,搬
3,班
6,颁布
6,颁发
6,斑纹
5,班主任
6,版本
3,半
3,办法
3,办公室
5,办理
6,伴侣
6,伴随
6,半途而废
6,扮演
3,帮忙
2,帮助
6,绑架
6,榜样
5,棒
6,磅
5,傍晚
3,包
6,包庇
6,包袱
5,包裹
5,包含
4,包括
6,包围
6,包装
5,包子
5,薄
3,饱
5,宝贝
5,保持
5,保存
6,保管
5,宝贵
6,饱和
4,保护
6,饱经沧桑
5,保留
6,保密
6,保姆
6,保守
6,保卫
5,保险
6,保养
6,保障
4,保证
6,保重
4,抱
6,报仇
6,报酬
6,报答
6,报到
4,报道
6,爆发
6,报复
6,抱负
5,报告
6,曝光
6,暴力
6,暴露
4,报名
4,抱歉
6,报社
6,报销
6,抱怨
6,爆炸
2,报纸
6,悲哀
6,卑鄙
6,悲惨
5,悲观
1,杯子
3,北方
6,北极
1,北京
5,倍
4,被
3,背
6,被动
6,备份
6,被告
5,背景
6,贝壳
6,背叛
6,背诵
6,备忘录
5,被子
6,奔波
6,奔驰
1,本
5,本科
4,本来
5,本领
6,本能
6,本钱
6,本人
6,本身
6,本事
6,本着
5,本质
4,笨
6,笨拙
6,崩溃
6,甭
6,蹦
6,迸发
6,逼迫
6,鼻涕
3,鼻子
2,比
5,彼此
6,比方
4,笔记本
3,比较
5,比例
5,比如
3,比赛
6,比喻
6,比重
6,臂
6,弊病
6,必定
6,弊端
5,毕竟
5,避免
5,必然
6,闭塞
5,必需
3,必须
5,必要
4,毕业
6,碧玉
6,鞭策
5,编辑
6,边疆
6,边界
6,边境
5,鞭炮
6,边缘
6,编织 
6,扁
6,贬低
6,贬义
5,便
4,遍
6,遍布
6,变故
6,辩护
3,变化
6,辩解
6,便利
5,辩论
6,变迁
6,辨认
6,便条
6,便于
6,辩证
6,变质
6,辫子
6,标本
5,标点
6,标记
6,飙升
6,标题
5,标志
4,标准
4,表达
4,表格
6,表决
5,表面
5,表明
5,表情
3,表示
6,表态
5,表现
3,表演
4,表扬
6,表彰
6,憋
2,别
6,别人
6,别墅
6,别致
6,别扭
3,宾馆
6,濒临
6,冰雹
3,冰箱
5,丙
4,饼干
6,并存
5,病毒
6,并非
6,并列
4,并且
6,拨打
6,播放
6,波浪
5,玻璃
6,波涛汹涌
6,剥削
6,播种
6,博大精深
6,搏斗
6,博览会
6,伯母
6,薄弱
4,博士
5,博物馆
5,脖子
6,补偿
5,补充
6,补救
6,哺乳
6,补贴
6,捕捉
1,不
5,布
5,不安
5,不必
4,不但
4,不得不
5,不得了
6,不得已
5,不断
6,步伐
6,不妨
5,部分
6,不敢当
6,布告
6,不顾
4,不管
4,不过
5,不好意思
5,不见得
6,不禁
4,不仅
6,布局
6,不堪
6,不可思议
1,不客气
6,不愧
6,不料
5,部门
5,不免
5,不耐烦
5,不然
5,不如
6,不时
6,部署
6,部位
6,不惜
6,不相上下
6,不像话
6,不屑一顾
6,不言而喻
5,不要紧
6,不由得
6,不择手段
6,不止
6,布置
5,步骤
5,不足
4,擦
4,猜
3,才
5,财产
6,裁缝
6,财富
6,才干
4,材料
6,裁判
6,财务
6,裁员
6,财政
5,踩
5,采访
6,采购
5,彩虹
6,采集
6,采纳
6,彩票
5,采取
1,菜
3,菜单
4,参观
3,参加
5,参考
6,参谋
5,餐厅
5,参与
6,参照
5,残疾
6,残酷
5,惭愧
6,残留
6,残忍
6,灿烂
6,舱
6,苍白
6,仓促
6,仓库
5,操场
6,操劳
6,操练
5,操心
6,操纵
6,操作
6,嘈杂
3,草
6,草案
6,草率
5,册
6,策划
6,测量
6,策略
6,侧面
5,厕所
5,测验
3,层
6,层出不穷
6,层次
5,曾经
5,插
5,差别
6,差距
5,叉子
1,茶
6,查获
6,岔
3,差
4,差不多
6,刹那
6,诧异
5,拆
6,柴油
6,搀
6,馋
6,缠绕
5,产品
5,产生
6,阐述
6,产业
6,颤抖
6,猖狂
6,昌盛
4,尝
2,长
4,长城
6,偿还
4,长江
6,常年
5,常识
6,尝试
5,长途
6,常务
6,场
6,场合
6,敞开
6,场面
6,场所
6,倡导
2,唱歌
6,畅通
6,畅销
6,倡议
5,抄
4,超过
6,超级
6,钞票
3,超市
6,超越
5,朝
5,朝代
6,潮流
6,潮湿
6,嘲笑
4,吵
5,炒
5,吵架
5,车库
5,车厢
5,彻底
6,撤退
6,撤销
6,沉淀
6,陈旧
6,陈列
6,沉闷
5,沉默
6,陈述
6,沉思
6,沉重
6,沉着
5,趁
3,衬衫
6,称心如意
5,称
6,称号
5,称呼
5,称赞
5,乘
6,橙
6,盛
6,承办
6,承包
6,城堡
6,成本
5,承担
5,程度
6,惩罚
5,成分
4,成功
5,成果
3,成绩
6,成交
5,成就
5,诚恳
5,成立
6,承诺
6,澄清
5,承认
4,诚实
3,城市
5,承受
4,成熟
6,成天
4,成为
6,乘务员
6,呈现
6,成效
6,成心
5,程序
5,成语
6,成员
5,成长
6,诚挚
4,乘坐
6,秤
1,吃
4,吃惊
6,吃苦
5,吃亏
6,吃力
3,迟到
6,迟缓
6,持久
6,池塘
5,持续
6,迟疑
5,池子
5,尺子
5,翅膀
6,赤道
6,赤字
5,冲
6,充当
5,充电器
6,冲动
5,充分
6,冲击
5,充满
6,充沛
6,充实
6,冲突
6,充足
6,崇拜
6,重叠
5,重复
6,崇高
6,崇敬
4,重新
6,重阳节
5,宠物
6,抽空
5,抽屉
5,抽象
4,抽烟
6,筹备
6,踌躇
6,稠密
5,丑
6,丑恶
5,臭
2,出
5,出版
6,初步
4,出差
4,出发
5,初级
5,出口
6,出路
6,出卖
5,出色
6,出身
6,出神
4,出生
5,出席
6,出息
3,出现
6,出洋相
1,出租车
5,除
3,厨房
5,除非
3,除了
5,除夕
6,储备
6,储存
6,处分
6,处境
5,处理
6,储蓄
6,处置
6,触犯
2,穿
6,川流不息
6,穿越
2,船
5,传播
6,船舶
6,传达
6,传单
5,传递
5,传染
6,传授
5,传说
5,传统
4,传真
6,喘气
6,串
4,窗户
5,窗帘
6,床单
5,闯
6,创立
6,创新
6,创业
5,创造
6,创作
5,吹
6,吹牛
6,吹捧
6,锤
6,垂直
3,春
6,纯粹
6,纯洁
5,磁带
4,词典
6,词汇
6,慈祥
6,雌雄
3,词语
5,辞职
5,此外
6,刺
2,次
6,伺候
5,刺激
6,次品
6,次序
5,次要
5,匆忙
3,聪明
5,从
6,丛
5,从此
5,从而
4,从来
5,从前
6,从容不迫
5,从事
6,凑合
6,粗鲁
4,粗心
5,醋
5,促进
5,促使
6,窜
5,催
6,摧残
6,脆弱
5,存
5,存在
6,搓
6,磋商
2,错
5,措施
5,错误
6,挫折
6,搭
6,搭档
6,搭配
5,答应
4,答案
6,答辩
6,达成
5,达到
6,答复
4,打扮
6,打包
1,打电话
5,打工
6,打官司
6,打击
6,打架
5,打交道
2,打篮球
6,打量
6,打猎
5,打喷嚏
4,打扰
3,打扫
3,打算
5,打听
4,打印
6,打仗
5,打招呼
4,打折
4,打针
1,大
6,大不了
6,大臣
5,大方
4,大概
6,大伙儿
2,大家
6,大厦
4,大使馆
6,大肆
6,大体
5,大象
5,大型
6,大意
4,大约
6,大致
5,呆
6,歹徒
3,带
4,戴
4,代表
6,逮捕
4,大夫
6,代价
5,贷款
6,代理
6,带领
6,怠慢
4,代替
5,待遇
6,担保
5,单纯
5,单调
5,单独
5,担任
5,单位
5,耽误
3,担心
5,单元
6,胆怯
5,胆小鬼
5,淡
6,蛋白质
6,诞辰
3,蛋糕
6,淡季
6,诞生
2,但是
6,淡水
4,当
6,当场
6,当初
5,当代
4,当地
6,当面
6,当前
3,当然
4,当时
6,当事人
6,当务之急
6,当心
6,当选
6,党
5,挡
6,档案
6,档次
4,刀
5,岛
6,倒闭
6,导弹
6,导航
6,捣乱
5,倒霉
6,导向
5,导演
4,导游
6,岛屿
5,导致
5,倒
2,到
4,到处
5,到达
5,道德
4,到底
6,稻谷
5,道理
4,道歉
6,盗窃
6,得不偿失
6,得力
6,得天独厚
4,得意
6,得罪
1,的
2,得
3,地
4,得
3,灯
6,蹬
5,登机牌
5,登记
6,灯笼
6,登陆
6,登录
2,等
4,等
5,等待
5,等候
6,等级
5,等于
6,瞪
3,低
5,滴
6,堤坝 
5,的确
5,敌人
6,敌视
4,底
6,抵达
6,抵抗
6,抵制
5,递
6,地步
6,地道
2,弟弟
3,地方
5,地理
4,地球
5,地区
6,地势
5,地毯
3,地铁
3,地图
5,地位
2,第一
6,递增
5,地震
4,地址
6,地质
6,颠簸
6,颠倒
1,点
6,典礼
5,点头
5,点心
6,典型
6,点缀
6,垫
5,电池
6,奠定
6,惦记
1,电脑
1,电视
5,电台
3,电梯
1,电影
6,电源
3,电子邮件
6,叼
6,雕刻
6,雕塑
6,吊
4,掉
5,钓
4,调查
6,调动
6,跌
5,丁
6,盯
6,叮嘱
5,顶
6,定期
6,定义
4,丢
6,丢人
6,丢三落四
3,东
3,冬
6,东道主
1,东西
6,东张西望
2,懂
6,董事长
5,冻
6,栋
5,洞
6,动荡
5,动画片
6,动机
6,冻结
6,动静
6,动力
6,动脉
6,动身
6,动手
6,动态
3,动物
6,洞穴
6,动员
4,动作
6,兜
1,都
6,陡峭
5,逗
5,豆腐
6,斗争
6,督促
6,都市
1,读
6,独裁
5,独立
6,毒品
5,独特
6,赌博
4,堵车
6,堵塞
5,度过
6,杜绝
4,肚子
6,端
6,端午节
6,端正
3,短
6,短促
5,短信
4,断
3,段
6,断定
6,断断续续
6,断绝
3,锻炼
5,堆
6,堆积
2,对
2,对
5,对比
1,对不起
6,对策
6,对称
5,对待
5,对方
6,对付
4,对话
6,兑换
6,对抗
6,对立
6,对联
4,对面
5,对手
6,队伍
6,兑现
5,对象
6,对应
5,对于
6,对照
5,吨
5,蹲
4,顿
6,顿时
1,多
5,多亏
3,多么
1,多少
6,哆嗦
5,多余
6,多元化
4,朵
5,躲藏
6,堕落
6,额外
6,恶心
3,饿
6,恶化
5,恶劣
6,遏制
6,恩怨
4,而
3,而且
4,儿童
6,而已
1,儿子
3,耳朵
6,耳环
1,二
6,二氧化碳
4,发
5,发表
6,发布
6,发财
5,发愁
5,发达
6,发呆
6,发动
5,发抖
5,发挥
6,发火
6,发觉
5,发明
5,发票
3,发烧
6,发射
4,发生
6,发誓
3,发现
6,发行
5,发言
6,发炎
6,发扬
6,发育
4,发展
5,罚款
4,法律
6,法人
5,法院
6,番
6,翻
4,翻译
6,繁华
6,繁忙
4,烦恼
5,繁荣
5,凡是
6,繁体字
6,繁殖
6,反驳
6,反常
6,反倒
6,反动
4,反对
5,反而
5,反复
6,反感
6,反抗
6,反馈
6,反面
6,反射
6,反思
6,反问
5,反应
4,反映
5,反正
6,反之
6,范畴
1,饭馆
6,泛滥
6,贩卖
4,范围
5,方
5,方案
3,方便
4,方法
4,方面
5,方式
6,方位
4,方向
6,方言
6,方针
5,妨碍
5,房东
2,房间
6,防守
6,防疫
6,防御
6,防止
6,防治
5,仿佛
4,访问
6,纺织
3,放
6,放大
4,放弃
6,放射
6,放手
4,放暑假
5,放松
3,放心
5,非
2,非常
6,非法
1,飞机
6,飞禽走兽
6,飞翔
6,飞跃
6,肥沃
5,肥皂
6,诽谤
6,匪徒
5,肺
6,废除
5,废话
6,沸腾
6,废墟
5,费用
3,分
6,分辨
5,分别
5,分布
6,分寸
5,纷纷
6,吩咐
6,分红
6,分解
6,分裂
6,分泌
6,分明
5,分配
6,分歧
6,分散
6,分手
5,分析
4,…分之…
1,分钟
6,坟墓
6,粉末
6,粉色
6,粉碎
4,份
5,奋斗
6,分量
5,愤怒
6,风暴
6,封闭
6,风度
4,丰富
5,风格
6,风光
6,封建
4,风景
5,疯狂
6,锋利
6,丰满
6,风气
6,风趣
6,丰盛
6,丰收
5,风俗
6,封锁
6,风土人情
6,风味
5,风险
6,逢
5,讽刺
6,奉献
5,否定
6,否决
5,否认
4,否则
6,夫妇
6,夫人
6,敷衍
5,幅
5,扶
5,服从
6,幅度
6,符号
4,符合
6,福利
6,俘虏
6,服气
6,福气
6,辐射
2,服务员
5,服装
6,腐败
5,辅导
6,腐烂
6,腐蚀
6,腐朽
6,抚养
6,俯仰
6,辅助
4,富
6,副
6,负担
6,覆盖
6,附和
6,复活
6,附件
3,附近
5,付款
5,妇女
4,父亲
6,附属
3,复习
6,腹泻
6,复兴
4,复印
6,赋予
6,富裕
4,复杂
4,负责
5,复制
6,副作用
4,改变
5,改革
5,改进
6,改良
5,改善
5,改正
5,盖
5,概括
5,概念
6,盖章
4,干杯
5,干脆
6,尴尬
6,干旱
3,干净
6,干扰
6,干涉
6,甘心
6,干预
4,干燥
3,敢
4,感动
5,感激
5,赶紧
4,感觉
6,感慨
5,赶快
3,感冒
4,感情
6,感染
5,感受
5,感想
4,感谢
5,干
5,干活儿
6,干劲
6,扛
3,刚才
6,刚刚
6,纲领
5,钢铁
6,港口
6,港湾
6,岗位
6,杠杆
2,高
6,高超
6,高潮
5,高档
6,高峰
4,高级
6,高考
6,高明
6,高尚
5,高速公路
1,高兴
6,高涨
5,搞
6,稿件
5,告别
6,告辞
6,告诫
2,告诉
6,割
6,搁
5,胳膊
6,疙瘩
2,哥哥
6,歌颂
5,鸽子
5,隔壁
6,隔阂
6,格局
6,隔离
5,革命
6,格式
5,格外
1,个
4,各
5,个别
5,个人
6,各抒己见
6,个体
5,个性
6,各自
4,个子
2,给
5,根
3,跟
5,根本
3,根据
6,跟前
6,根深蒂固
6,跟随
6,根源
6,跟踪
6,耕地
6,更新
6,更正
5,更
5,更加
6,公安局
5,公布
6,供不应求
5,工厂
5,工程师
6,公道
6,宫殿
6,工夫
5,功夫
6,公告
2,公共汽车
6,公关
6,攻击
6,供给
2,公斤
6,恭敬
4,工具
5,公开
6,功课
6,攻克
6,功劳
4,公里
6,公民
5,功能
5,公平
6,公婆
6,公然
5,工人
6,公认
6,公式
2,公司
6,公务
6,功效
5,工业
6,工艺品
5,公寓
5,公元
3,公园
6,公正
6,公证
5,公主
4,工资
1,工作
6,巩固
6,共和国
6,共计
6,共鸣
4,共同
5,贡献
6,勾结
5,沟通
6,钩子
1,狗
4,够
5,构成
6,构思
4,购物
4,孤单
6,孤独
6,辜负
5,姑姑
4,估计
6,孤立
5,姑娘
6,姑且
5,古代
5,古典
6,股东
6,古董
6,鼓动
6,股份
6,骨干
6,古怪
5,古老
4,鼓励
5,股票
5,骨头
5,鼓舞
4,鼓掌
5,固定
4,顾客
6,顾虑
6,固然
5,故事
5,固体
6,顾问
6,故乡
4,故意
5,雇佣
6,固有
6,故障
6,固执
3,刮风
4,挂
5,挂号
5,乖
5,拐弯
6,拐杖
5,怪不得
3,关
5,官
5,关闭
5,观察
5,观点
6,官方
6,观光
5,关怀
4,关键
5,观念
3,关系
3,关心
3,关于
6,关照
4,观众
4,管理
6,管辖
5,管子
6,罐
6,贯彻
6,灌溉
5,冠军
6,惯例
5,罐头
4,光
6,光彩
5,光滑
6,光辉
5,光临
6,光芒
5,光明
5,光盘
5,光荣
4,广播
5,广场
5,广大
5,广泛
4,广告
6,广阔
4,逛
4,规定
6,规范
6,规格
6,归根到底
6,规划
6,归还
5,规矩
5,规律
5,规模
6,归纳
5,规则
6,规章
6,轨道
2,贵
6,跪
5,柜台
6,贵族
5,滚
6,棍棒
5,锅
6,国防
5,国籍
4,国际
3,国家
5,国庆节
6,国务院
6,果断
4,果然
5,果实
3,果汁
2,过
4,过程
6,过度
6,过渡
5,过分
6,过奖
6,过滤
5,过敏
5,过期
3,过去
6,过失
6,过问
6,过瘾
6,过于
5,过
5,哈
6,嗨
2,还
3,还是
2,孩子
6,海拔
6,海滨
5,海关
5,海鲜
4,海洋
3,害怕
4,害羞
6,含糊
4,寒假
6,寒暄
6,含义
5,喊
6,罕见
4,汗
6,捍卫
1,汉语
4,航班
6,航空
6,行列
6,航天
6,航行
5,行业
5,豪华
6,豪迈
6,毫米
6,毫无
1,好
2,好吃
4,好处
4,好像
2,号
6,耗费
6,好客
4,号码
5,好奇
6,号召
1,喝
6,呵
1,和
3,河
6,和蔼
5,何必
6,合并
6,合成
5,合法
4,合格
6,合乎
6,合伙
6,和解
5,何况
5,合理
6,和睦
5,和平
6,和气
6,合身
4,合适
6,合算
5,合同
6,和谐
5,核心
5,合影
4,盒子
5,合作
2,黑
6,嘿
3,黑板
6,痕迹
1,很
6,狠心
5,恨
6,恨不得
6,哼
5,横
6,哄
6,烘
6,轰动
2,红
6,红包
6,宏观
6,洪水
6,宏伟
6,喉咙
4,猴子
6,吼
4,厚
6,后代
6,后顾之忧
5,后果
4,后悔
4,后来
6,后面
6,后勤
6,候选
6,忽略
4,忽然
5,忽视
5,呼吸
6,呼啸
6,呼吁
5,壶
5,蝴蝶
6,胡乱
6,湖泊
5,胡说
5,胡同
5,糊涂
5,胡须
6,互联网
4,护士
4,互相
3,护照
3,花
5,花生
3,花园
5,滑冰
5,划船
6,华丽
6,华侨
5,华裔
3,画
6,化肥
6,划分
6,画蛇添足
6,化石
5,话题
6,话筒
5,化学
6,化验
6,化妆
5,怀念
4,怀疑
6,怀孕
3,坏
6,欢乐
2,欢迎
4,还
6,环节
3,环境
6,还原
6,缓和
5,缓解
3,换
5,幻想
6,患者
6,荒凉
6,慌忙
6,荒谬
6,荒唐
5,慌张
3,黄
5,皇帝
5,黄瓜
5,皇后
6,黄昏
5,黄金
6,恍然大悟
5,挥
5,灰
5,灰尘
5,恢复
6,辉煌
6,挥霍
5,灰心
1,回
6,回报
6,回避
2,回答
6,回顾
6,回收
4,回忆
6,悔恨
6,毁灭
1,会
6,汇报
6,贿赂
5,汇率
6,会晤
3,会议
5,婚礼
6,昏迷
5,婚姻
6,浑身
6,混合
6,混乱
6,混淆
6,混浊
4,活动
6,活该
6,活力
4,活泼
5,活跃
4,火
5,伙伴
5,火柴
1,火车站
6,火箭
6,火焰
6,火药
6,货币
4,获得
6,或许
3,或者
5,基本
2,机场
4,基础
2,鸡蛋
6,基地
4,激动
6,机动
6,饥饿
6,激发
6,机构
6,机关
3,几乎
3,机会
4,积极
6,基金
4,积累
6,激励
5,激烈
6,机灵
6,机密
5,机器
6,激情
5,肌肉
6,讥笑
6,机械
6,基因
6,机遇
6,机智
3,极
6,即便
6,级别
6,疾病
6,嫉妒
6,极端
5,及格
6,急功近利
6,籍贯
4,集合
6,即将
6,急剧
5,急忙
4,极其
6,急切
4,及时
4,即使
5,集体
6,集团
6,极限
6,吉祥
6,急于求成
6,及早
6,急躁
5,集中
3,几
6,给予
4,寄
6,继承
3,记得
6,季度
4,计划
6,忌讳
6,计较
3,季节
6,寂静
6,季军
5,系领带
5,纪录
5,记录
5,纪律
5,寂寞
6,技能
5,纪念
6,技巧
4,既然
4,技术
5,计算
6,寄托
6,继往开来
6,迹象
6,记性
4,继续
6,纪要
5,记忆
6,记载
4,记者
1,家
4,加班
5,嘉宾
6,家常
6,加工
6,家伙
4,家具
6,加剧
6,家属
5,家庭
5,家务
5,家乡
6,佳肴
4,加油站
6,家喻户晓
6,夹杂
5,夹子
4,假
5,甲
5,假如
6,假设
6,假使
5,假装
5,嫁
4,价格
5,驾驶
5,价值
5,煎
5,肩膀
4,坚持
6,坚定
6,监督
6,尖端
6,坚固
5,艰巨
5,坚决
5,艰苦
6,艰难
5,坚强
6,坚韧
5,尖锐
6,坚实
6,监视
6,坚硬
6,监狱
6,兼职
5,捡
6,拣
6,剪彩
3,检查
3,简单
5,剪刀
4,减肥
6,简化
5,简历
6,简陋
4,减少
6,检讨
6,简体字
6,检验
6,简要
5,简直
6,溅
2,件
6,鉴别
6,间谍
6,鉴定
6,见多识广
6,间隔
6,间接
6,见解
3,健康
5,建立
3,见面
5,键盘
6,健全
5,建设
5,健身房
6,践踏
6,舰艇
6,见闻
5,建议
6,见义勇为
6,鉴于
5,建筑
6,将近
6,将军
4,将来
6,僵硬
6,桨
3,讲
4,奖金
5,讲究
6,奖励
6,奖赏
5,讲座
4,降低
6,降临
5,降落
5,酱油
4,交
5,浇
3,教
4,骄傲
6,交叉
6,交代
6,焦点
5,交换
6,焦急
5,交际
4,交流
6,娇气
5,郊区
6,交涉
5,胶水
4,交通
6,交往
6,交易
3,脚
3,角
6,搅拌
5,角度
5,狡猾
6,角落
6,缴纳
4,饺子
1,叫
5,教材
5,教练
6,较量
2,教室
4,教授
5,教训
6,教养
4,教育
6,皆
3,接
6,阶层
5,接触
5,接待
3,街道
5,阶段
6,揭发
5,接近
6,接连
6,揭露
5,结实
4,接受
5,接着
5,节
6,杰出
5,结构
6,结果
5,结合
3,结婚
6,竭尽全力
6,结晶
6,结局
5,结论
3,节目
3,节日
5,节省
3,结束
6,结算
4,节约
5,结账
6,截至
6,节奏
6,解除
5,解放
6,解雇
2,姐姐
3,解决
6,解剖
6,解散
4,解释
5,解说员
6,解体
3,借
5,届
6,戒备
6,借鉴
5,借口
2,介绍
6,界限
5,戒烟
5,戒指
6,借助
6,津津有味
6,金融
5,金属
1,今天
5,紧
4,尽管
5,紧急
6,尽快
6,尽量
6,紧密
6,紧迫
5,谨慎
6,锦绣前程
4,紧张
3,近
2,进
5,进步
5,近代
6,进而
6,进攻
6,进化
5,进口
6,近来
5,尽力
5,尽量
6,浸泡
6,晋升
6,近视
6,劲头
4,进行
6,进展
4,禁止
6,茎
4,精彩
3,经常
6,精打细算
5,经典
6,惊动
6,经费
3,经过
6,精华
4,经济
6,精简
6,兢兢业业
4,京剧
3,经理
5,精力
4,经历
6,精密
6,惊奇
6,精确
6,经商
4,精神
6,精通
6,经纬
6,精心
6,惊讶
4,经验
6,精益求精
5,经营
6,精致
6,井
4,警察
6,警告
5,景色
6,警惕
6,颈椎
5,敬爱
6,境界
6,敬礼
4,竟然
6,竞赛
6,镜头
6,竞选
4,竞争
4,镜子
6,纠纷
4,究竟
6,纠正
3,久
1,九
5,酒吧
6,酒精
2,就
5,救
3,旧
5,救护车
6,救济
6,就近
5,舅舅
6,就业
6,就职
6,鞠躬
6,拘留
5,居然
6,拘束
6,居住
6,局部
6,局面
6,局势
6,局限
5,桔子
5,举
4,举办
6,举动
6,咀嚼
6,沮丧
6,举世闻名
6,举世瞩目
3,举行
6,举足轻重
5,具备
6,剧本
5,巨大
5,聚会
6,聚精会神
4,拒绝
5,俱乐部
4,距离
6,剧烈
5,据说
5,具体
6,据悉
3,句子
5,捐
5,卷
6,决策
2,觉得
3,决定
5,绝对
5,决赛
5,角色
6,绝望
6,觉悟
5,决心
6,觉醒
6,军队
5,军事
5,均匀
2,咖啡
5,卡车
6,卡通
1,开
6,开采
6,开除
5,开发
5,开放
6,开阔
6,开朗
6,开明
5,开幕式
6,开辟
2,开始
6,开水
6,开拓
4,开玩笑
5,开心
6,开展
6,开支
6,刊登
6,勘探
6,刊物
5,砍
3,看
5,看不起
6,看待
4,看法
1,看见
6,看来
6,看望
6,慷慨
5,抗议
6,考察
6,考古
6,考核
4,考虑
2,考试
5,烤鸭
6,考验
6,靠拢
4,棵
5,颗
6,磕
6,颗粒
6,科目
4,科学
4,咳嗽
3,渴
3,可爱
6,可观
5,可见
5,可靠
6,可口
4,可怜
2,可能
5,可怕
4,可是
6,渴望
6,可恶
4,可惜
6,可笑
6,可行
2,可以
5,克
3,刻
2,课
6,刻不容缓
5,课程
5,克服
5,客观
6,客户
5,刻苦
3,客人
6,课题
5,客厅
6,啃
4,肯定
6,恳切
6,坑
6,空洞
5,空间
4,空气
6,空前绝后
3,空调
6,空想
6,空虚
6,孔
5,恐怖
6,恐吓
6,恐惧
4,恐怕
6,空白
6,空隙
5,空闲
5,控制
3,口
6,口气
6,口腔
6,口头
5,口味
6,口音
3,哭
6,枯竭
6,枯燥
4,苦
6,苦尽甘来
3,裤子
5,夸
6,挎
6,跨
1,块
2,快
6,快活
5,会计
2,快乐
3,筷子
4,宽
6,宽敞
6,款待
6,款式
6,筐
6,框架
6,旷课
6,况且
5,矿泉水
6,亏待
6,亏损
6,昆虫
6,捆绑
4,困
4,困难
6,扩充
4,扩大
6,扩散
6,扩张
4,拉
6,啦
4,垃圾桶
6,喇叭
4,辣
5,辣椒
5,蜡烛
1,来
4,来不及
4,来得及
6,来历
6,来源
5,来自
5,拦
3,蓝
6,栏目
4,懒
6,懒惰
5,烂
5,狼
6,狼狈
6,朗读
4,浪费
4,浪漫
6,捞
6,唠叨
5,劳动
6,牢固
5,劳驾
6,牢骚
3,老
5,老百姓
5,老板
4,老虎
5,姥姥
1,老师
5,老实
5,老鼠
5,乐观
6,乐趣
6,乐意
1,了
5,雷
6,雷达
5,累
5,类
6,类似
1,冷
6,冷淡
4,冷静
6,冷酷
6,冷却
6,愣
5,梨
2,离
5,离婚
3,离开
5,厘米
6,黎明
1,里
5,礼拜天
6,理睬
6,里程碑
4,理发
6,礼节
4,理解
5,理论
4,礼貌
6,理所当然
3,礼物
4,理想
5,理由
6,理直气壮
6,理智
5,粒
6,立场
6,历代
5,立方
6,利害
4,厉害
5,立即
6,立交桥
5,立刻
6,历来
5,力量
6,利率
4,力气
4,例如
5,利润
3,历史
6,力所能及
6,立体
6,力图
6,例外
5,利息
5,利益
5,利用
6,力争
6,立足
4,俩
4,连
5,联合
6,联欢
6,廉洁
6,联络
5,连忙
6,联盟
6,连年
6,连锁
6,连同
4,联系
6,联想
5,连续剧
3,脸
5,恋爱
3,练习
5,良好
4,凉快
5,粮食
6,良心
2,两
4,亮
3,辆
6,晾
6,谅解
6,辽阔
4,聊天
5,了不起
3,了解
6,列举
6,淋
6,临床
3,邻居
5,临时
6,吝啬
5,铃
1,零
6,凌晨
6,灵感
6,灵魂
5,灵活
5,零件
6,伶俐
6,灵敏
5,零钱
5,零食
6,零星
5,领导
6,领会
6,领事馆
6,领土
6,领悟
6,领先
6,领袖
5,领域
4,另外
6,溜
4,留
5,流传
5,浏览
6,流浪
4,流泪
4,流利
6,留恋
6,流露
6,流氓
6,留念
6,留神
6,流通
4,流行
4,留学
1,六
5,龙
6,聋哑
6,隆重
6,垄断
6,笼罩
3,楼
6,搂
5,漏
6,炉灶
2,路
5,露
5,陆地
5,录取
5,陆续
5,录音
4,乱
6,轮船
6,轮廓
5,轮流
6,轮胎
6,论坛
5,论文
6,论证
6,啰唆
5,逻辑
6,螺丝钉
6,落成
5,落后
6,落实
6,络绎不绝
6,屡次
6,履行
2,旅游
3,绿
4,律师
6,掠夺
6,略微
1,妈妈
6,麻痹
4,麻烦
6,麻木
6,麻醉
3,马
4,马虎
2,马上
6,码头
5,骂
1,吗
6,嘛
6,埋伏
6,埋没
6,埋葬
1,买
2,卖
6,迈
6,脉搏
5,麦克风
5,馒头
6,埋怨
4,满
3,满意
5,满足
2,慢
6,漫长
6,漫画
6,慢性
6,蔓延
2,忙
6,忙碌
6,茫茫
6,盲目
6,茫然
1,猫
5,毛
5,毛病
5,矛盾
4,毛巾
6,冒充
6,茂盛
5,冒险
5,贸易
3,帽子
1,没
6,枚
1,没关系
6,媒介
5,眉毛
5,煤炭
6,媒体
6,没辙
2,每
6,美观
4,美丽
6,美满
6,美妙
5,美术
5,魅力
2,妹妹
2,门
6,门诊
6,蒙
6,萌芽
6,猛烈
4,梦
6,梦想
6,眯
6,弥补
6,迷惑
5,迷路
6,弥漫
6,迷人
6,迷失
6,迷信
5,谜语
3,米
1,米饭
6,密度
5,蜜蜂
6,密封
4,密码
5,秘密
5,密切
5,秘书
5,棉花
6,免得
4,免费
6,勉励
6,勉强
6,免疫
3,面包
5,面对
5,面积
5,面临
6,面貌
3,面条
6,面子
6,描绘
5,苗条
5,描写
5,秒
6,渺小
6,蔑视
6,灭亡
6,民间
6,民用
5,民主
4,民族
6,敏感
6,敏捷
6,敏锐
3,明白
6,名次
6,名额
6,名副其实
6,明明
5,名牌
5,名片
5,明确
5,名胜古迹
1,明天
5,明显
5,明信片
5,明星
6,名誉
1,名字
5,命令
6,命名
5,命运
5,摸
6,摸索
6,膜
6,摩擦
6,模范
5,模仿
6,魔鬼
6,磨合
5,模糊
6,模式
6,魔术
5,摩托车
6,模型
6,抹杀
6,莫名其妙
6,默默
5,陌生
6,墨水儿
6,谋求
5,某
6,模样
4,母亲
6,母语
5,目标
4,目的
6,目睹
6,目光
5,目录
5,目前
5,木头
6,沐浴
3,拿
6,拿手
1,哪
5,哪怕
1,哪儿
1,那
6,纳闷儿
1,那儿
3,奶奶
4,耐心
6,耐用
3,南
3,难
4,难道
6,难得
5,难怪
3,难过
6,难堪
5,难看
6,难免
6,难能可贵
2,男人
4,难受
5,脑袋
6,恼火
1,呢
4,内
6,内涵
5,内科
6,内幕
4,内容
6,内在
5,嫩
1,能
5,能干
4,能力
6,能量
5,能源
6,嗯
1,你
6,拟定
1,年
5,年代
6,年度
3,年级
5,年纪
4,年龄
3,年轻
5,念
3,鸟
6,捏
2,您
6,拧
6,凝固
6,凝聚
6,凝视
5,宁可
6,宁肯
6,宁愿
2,牛奶
5,牛仔裤
6,纽扣儿
6,扭转
5,浓
4,农村
6,浓厚
6,农历
5,农民
5,农业
4,弄
6,奴隶
3,努力
4,暖和
6,挪
1,女儿
2,女人
5,女士
6,虐待
6,哦
6,殴打
6,欧洲
4,偶尔
5,偶然
6,呕吐
6,趴
3,爬山
5,拍
6,排斥
6,排除
5,排队
6,排放
6,徘徊
4,排列
5,排球
5,派
6,派别
6,派遣
6,攀登
6,盘旋
3,盘子
6,畔
4,判断
6,判决
5,盼望
2,旁边
6,庞大
3,胖
6,抛弃
2,跑步
6,泡沫
4,陪
5,赔偿
6,培训
5,培养
6,培育
6,配备
5,佩服
5,配合
6,配偶
6,配套
5,盆
6,盆地
6,烹饪
1,朋友
6,捧
5,碰见
5,批
5,披
6,劈
6,批发
6,批判
4,批评
5,批准
6,疲惫
4,皮肤
6,皮革
3,啤酒
6,疲倦
5,疲劳
6,脾气
5,皮鞋
5,匹
6,屁股
6,譬如
4,篇
6,偏差
6,偏见
6,偏僻
6,偏偏
2,便宜
5,片
4,骗
6,片段
6,片刻
5,片面
5,飘
6,漂浮
6,飘扬
2,票
1,漂亮
6,拼搏
6,拼命
5,频道
6,贫乏
6,频繁
6,贫困
6,频率
6,品尝
6,品德
6,品行
6,品质
5,品种
4,乒乓球
5,凭
5,平
5,平常
5,平等
6,平凡
5,平方
6,评估
1,苹果
5,平衡
5,评价
5,平静
5,平均
6,评论
6,平面
4,平时
6,平坦
6,平行
6,平原
6,屏障
4,瓶子
6,坡
6,泼
6,颇
4,破
6,迫不及待
5,破产
6,迫害
5,破坏
6,破例
6,魄力
5,迫切
6,扑
6,铺
3,葡萄
4,普遍
6,普及
6,朴实
5,朴素
3,普通话
6,瀑布
1,七
5,期待
6,欺负
5,期间
6,凄凉
6,欺骗
6,期望
6,期限
2,妻子
3,骑
4,其次
3,奇怪
5,奇迹
6,奇妙
6,旗袍
6,齐全
3,其实
6,歧视
3,其他
6,齐心协力
5,其余
6,旗帜
4,其中
6,起草
6,启程
6,起初
2,起床
5,启发
4,起飞
6,起伏
6,乞丐
6,起哄
5,起来
6,起码
6,启示
6,启事
5,企图
5,企业
6,起义
6,岂有此理
6,起源
6,器材
5,气氛
6,气概
6,气功
6,器官
4,气候
6,迄今为止
6,气魄
6,气色
6,气势
6,气味
6,气象
6,气压
5,汽油
6,掐
6,恰当
6,恰到好处
6,恰巧
6,洽谈
2,千
5,牵
3,铅笔
6,牵扯
6,签订
6,千方百计
6,迁就
6,签署
4,千万
6,迁徙
5,谦虚
6,谦逊
4,签证
6,牵制
5,签字
1,钱
6,前景
6,潜力
1,前面
6,潜水
6,前提
5,前途
6,潜移默化
5,浅
6,谴责
5,欠
5,枪
6,抢劫
4,墙
5,强调
5,强烈
6,强制
5,抢
6,抢救
6,强迫
4,敲
5,悄悄
4,桥
5,瞧
6,桥梁
4,巧克力
5,巧妙
6,翘
5,切
6,锲而不舍
6,切实
5,亲爱
6,侵犯
5,侵略
6,钦佩
4,亲戚
5,亲切
6,亲热
6,亲身
5,亲自
5,勤奋
6,勤俭
6,勤恳
5,勤劳
5,青
6,氢
4,轻
6,清澈
6,清晨
6,清除
3,清楚
5,青春
5,清淡
6,轻而易举
6,清洁
6,清理
5,青少年
5,轻视
4,轻松
6,倾听
6,清晰
6,倾向
6,倾斜
6,清醒
6,清真
2,晴
6,情报
6,情节
5,情景
4,情况
6,晴朗
6,情理
6,情形
5,情绪
1,请
4,请假
6,请柬
6,请教
4,请客
5,请求
6,请示
6,请帖
5,庆祝
4,穷
3,秋
6,丘陵
5,球迷
4,区别
6,区分
6,屈服
5,趋势
6,区域
6,曲折
6,驱逐
6,渠道
4,取
5,娶
6,取缔
5,取消
6,曲子
1,去
2,去年
5,去世
6,趣味
5,圈
6,圈套
4,全部
6,权衡
6,全局
5,权利
5,权力
6,全力以赴
5,全面
6,拳头
6,权威
6,权益
6,犬
5,劝
4,缺点
5,缺乏
6,缺口
4,缺少
6,缺席
6,缺陷
6,瘸
4,却
6,确保
5,确定
6,确立
6,确切
5,确认
4,确实
6,确信
4,群
6,群众
3,裙子
4,然而
3,然后
5,燃烧
6,染
5,嚷
2,让
6,让步
6,饶恕
6,扰乱
5,绕
6,惹祸
1,热
5,热爱
6,热泪盈眶
5,热烈
6,热门
4,热闹
3,热情 
5,热心
1,人
5,人才
6,仁慈
6,人道
6,人格
6,人工
6,人家
6,人间
5,人口
5,人类
4,人民币
5,人生
5,人事
6,人士
6,人为
5,人物
6,人性
5,人员
6,人质
5,忍不住
6,忍耐
6,忍受
6,认定
4,任何
6,认可
6,任命
1,认识
3,认为
4,任务
6,任性
6,任意
3,认真
6,任重道远
4,扔
6,仍旧
4,仍然
1,日
5,日常
5,日程
4,日记
5,日历
5,日期
6,日新月异
6,日益
5,日用品
5,融化
6,溶解
6,容貌
6,容纳
6,容器
6,融洽
6,容忍
5,荣幸
3,容易
5,荣誉
6,揉
6,柔和
3,如果
5,如何
5,如今
4,入口
4,软
5,软件
5,弱
6,弱点
6,若干
6,撒谎
5,洒
6,腮
1,三
6,三角
3,伞
6,散文
4,散步
6,散发
5,嗓子
6,丧失
6,嫂子
6,色彩
4,森林
5,杀
6,刹车
4,沙发
5,沙漠
5,沙滩
6,啥
5,傻
6,筛选
5,晒
5,删除
6,山脉
5,闪电
6,闪烁
6,擅长
5,善良
5,善于
6,擅自
6,扇子
6,商标
1,商店
4,商量
6,伤脑筋
5,商品
4,伤心
5,商业
5,上
2,上班
5,上当
6,上级
6,上进心
6,上任
3,上网
1,上午
6,上瘾
6,上游
6,梢
6,捎
4,稍微
5,勺子
1,少
6,哨
6,奢侈
5,蛇
5,舌头
5,舍不得
5,设备
4,社会
5,射击
6,涉及
5,设计
6,设立
6,社区
6,摄取
5,设施
6,摄氏度
6,设想
5,摄影
6,设置
1,谁
5,伸
4,深
6,深奥
6,申报
5,身材
6,深沉
5,身份
5,深刻
6,深情厚谊
4,申请
6,绅士
2,身体
6,呻吟
5,神话
5,神经
1,什么
5,神秘
6,神奇
6,神气
6,神情
6,神色
6,神圣
6,神态
6,神仙
6,审查
6,审理
6,审美
6,审判
6,渗透
4,甚至
6,慎重
5,升
2,生病
5,生产
6,牲畜
6,生存
5,声调
5,生动
4,生活
6,生机
6,生理
6,声明
4,生命
3,生气
2,生日
6,声势
6,生疏
6,生态
6,生物
6,生效
6,生锈
3,声音
6,生育
6,声誉
5,绳子
4,省
6,省会
5,省略
4,剩
6,盛产
6,胜负
6,盛开
5,胜利
6,盛情
6,盛行
5,诗
4,失败
6,师范
4,师傅
6,施加
5,失眠
5,失去
4,湿润
6,尸体
4,失望
6,失误
5,失业
6,施展
6,狮子
6,失踪
1,十
6,拾
6,识别
6,时差
6,时常
5,时代
6,时而
4,十分
6,时光
1,时候
5,实话
6,实惠
6,时机
4,实际
2,时间
5,实践
5,时刻
6,实力
5,时髦
4,食品
5,时期
5,时尚
6,实施
6,时事
6,实事求是
5,石头
5,食物
5,实习
5,实现
5,实行
5,实验
5,实用
6,石油
4,实在
6,实质
6,时装
6,十足
3,使
5,使劲儿
6,使命
4,使用
5,始终
1,是
4,试
6,势必
5,士兵
4,市场
6,世代
5,似的
6,示范
6,释放
6,是非
5,是否
6,事故
4,适合
4,世纪
6,事迹
6,事件
3,世界
6,世界观
5,试卷
6,视力
6,势力
5,事情
5,事实
6,逝世
6,事态
6,试图
6,示威
5,事物
6,事务
5,事先
6,视线
6,事项
6,试验
6,视野
6,事业
6,适宜
6,示意
4,适应
4,收
6,收藏
5,收获
5,收据
4,收入
4,收拾
6,收缩
6,收益
6,收音机
2,手表
4,首都
6,手法
5,手工
6,守护
2,手机
6,手势
5,手术
5,手套
4,首先
5,手续
6,首要
6,手艺
5,手指
3,瘦
4,受不了
5,受到
4,售货员
5,寿命
5,受伤
6,授予
6,受罪
1,书
4,输
5,蔬菜
6,舒畅
6,书法
3,舒服
6,疏忽
6,书籍
6,书记
5,书架
6,书面
5,输入
5,舒适
3,叔叔
5,梳子
5,熟练
4,熟悉
6,数
5,鼠标
5,属于
6,竖
6,束
3,树
6,数额
6,束缚
5,数据
6,树立
4,数量
5,数码
6,数目
3,数学
4,数字
3,刷牙
6,耍
5,摔
6,衰老
6,衰退
5,甩
4,帅
6,率领
6,涮火锅
3,双
6,双胞胎
5,双方
6,爽快
1,水
2,水果
6,水利
6,水龙头
6,水泥
3,水平
5,税
1,睡觉
4,顺便
4,顺利
4,顺序
5,说不定
5,说服
1,说话
4,说明
4,硕士
5,撕
5,丝绸
6,司法
5,丝毫
3,司机
5,思考
6,司令
6,思念
5,私人
6,思索
6,思维
6,斯文
5,思想
6,思绪
6,私自
4,死
6,死亡
1,四
5,似乎
5,寺庙
6,肆无忌惮
6,饲养
6,四肢
6,耸
2,送
6,艘
6,搜索
6,苏醒
6,俗话
4,速度
4,塑料袋
5,宿舍
6,素食主义
6,诉讼
6,塑造
6,素质
4,酸
4,算
6,算了
6,算数
3,虽然
4,随便
6,随即
6,随身
5,随时
6,随手
6,随意
4,随着
1,岁
5,碎
6,隧道
6,岁月
5,孙子
6,损坏
5,损失
5,缩短
5,缩小
5,所
5,锁
6,索赔
5,所谓
6,索性
2,所以
4,所有
1,他
1,她
2,它
6,塌
6,踏实
5,塔
4,台
4,抬
6,台风
5,台阶
1,太
6,泰斗
4,态度
5,太极拳
6,太空
5,太太
3,太阳
6,瘫痪
6,贪婪
6,摊儿
6,贪污
4,谈
4,弹钢琴
5,谈判
6,弹性
6,坦白
5,坦率
6,探测
6,叹气
6,探索
6,探讨
6,探望
4,汤
3,糖
6,糖葫芦
4,躺
5,趟
5,烫
6,掏
6,滔滔不绝
5,桃
5,逃
5,逃避
6,陶瓷
6,淘气
6,淘汰
6,讨价还价
4,讨论
4,讨厌
5,套
3,特别
6,特长
4,特点
6,特定
6,特色
5,特殊
5,特意
5,特征
3,疼
5,疼爱
2,踢足球
5,提
2,题
6,提拔
6,题材
5,提倡
5,提纲
3,提高
4,提供
6,提炼
5,题目
4,提前
6,提示
5,提问
4,提醒
6,提议
5,体会
5,体积
6,体谅
6,体面
5,体贴
6,体系
5,体现
5,体验
3,体育
6,天才
5,天空
6,天伦之乐
1,天气
6,天然气
6,天生
6,天堂
6,天文
5,天真
3,甜
6,田径
4,填空
5,田野
6,舔
6,挑剔
3,条
6,调和
6,调剂
4,条件
6,调节
6,调解
6,条款
6,条理
6,调料
5,调皮
6,条约
5,调整
6,挑拨
6,挑衅
5,挑战
2,跳舞
6,跳跃
1,听
6,停泊
6,停顿
4,停止
6,停滞
6,亭子
4,挺
6,挺拔
5,通常
4,通过
6,通货膨胀
6,通俗
5,通讯
6,通用
4,通知
5,铜
6,同胞
6,童话
6,铜矿
4,同情
5,同时
3,同事
1,同学
3,同意
6,同志
6,统筹兼顾
6,统计
6,统统
5,统一
5,统治
5,痛苦
5,痛快
3,头发
6,投机
6,投票
6,投降
6,投掷
5,投资
5,透明
6,秃
5,突出
6,突破
3,突然
6,图案
6,徒弟
6,途径
6,涂抹
3,图书馆
5,土地
5,土豆
6,土壤
5,吐
5,兔子
5,团
6,团结
6,团体
6,团员
4,推
6,推测
4,推迟
5,推辞
6,推翻
5,推广
5,推荐
6,推理
6,推论
6,推销
3,腿
5,退
5,退步
5,退休
6,吞咽
4,脱
6,脱离
6,拖延
6,托运
6,妥当
6,妥善
6,妥协
6,椭圆
6,唾沫
6,挖掘
6,娃娃
6,瓦解
4,袜子
6,哇
5,歪
6,歪曲
2,外
6,外表
6,外行
5,外交
6,外界
6,外向
5,弯
2,完
2,玩
6,丸
6,完备
6,完毕
3,完成
6,顽固
5,玩具
5,完美
6,玩弄
6,顽强
4,完全
5,完善
6,玩意儿
5,完整
3,碗
6,挽回
6,挽救
2,晚上
6,惋惜
3,万
6,万分
5,万一
5,王子
4,往
6,往常
5,往返
6,网络
4,网球
6,往事
4,往往
4,网站
3,忘记
6,妄想
6,微不足道
6,威风
6,微观
5,危害
6,危机
6,威力
6,威望
4,危险
5,微笑
5,威胁
6,威信
6,违背
6,维持
6,唯独
5,违反
5,维护
5,围巾
6,为难
6,为期
5,围绕
6,维生素
6,为首
6,维修
5,唯一
5,尾巴
5,伟大
5,委屈
5,委托
6,委员
6,伪造
3,为
3,位
1,喂
5,畏
5,胃
5,未必
4,味道
6,畏惧
6,胃口
5,未来
3,为了
6,未免
2,为什么
5,卫生间
6,慰问
6,卫星
6,位于
5,位置
6,温带
4,温度
6,温和
5,温暖
5,温柔
5,闻
3,文化
5,文件
5,文具
5,文明
6,文凭
6,文物
6,文献
5,文学
6,文雅
6,文艺
4,文章
5,吻
5,稳定
2,问
5,问候
6,问世
2,问题
6,窝
1,我
1,我们
5,卧室
4,握手
6,乌黑
6,污蔑
4,污染
6,诬陷
5,屋子
4,无
6,无比
6,无偿
6,无耻
6,无从
6,无动于衷
6,无非
6,无精打采
6,无可奉告
6,无可奈何
6,无赖
6,无理取闹
4,无聊
4,无论
5,无奈
6,无能为力
6,无穷无尽
5,无数
6,无微不至
6,无忧无虑
6,无知
1,五
6,舞蹈
5,武器
6,侮辱
5,武术
6,武侠
6,武装
5,雾
6,勿
6,务必
6,误差
4,误会
6,误解
5,物理
6,物美价廉
6,务实
5,物质
6,物资
3,西
6,溪
6,膝盖
2,西瓜
4,西红柿
6,熄灭
6,吸取
6,昔日
6,牺牲
5,吸收
2,希望
6,夕阳
4,吸引
6,媳妇
3,习惯
6,袭击
6,习俗
2,洗
1,喜欢
3,洗手间
6,喜闻乐见
4,洗衣机
6,喜悦
3,洗澡
5,系
6,细胞
5,细节
5,戏剧
6,细菌
6,系列
5,系统
6,细致
5,瞎
6,霞
6,狭隘
6,峡谷
6,狭窄
1,下
5,吓
3,夏
6,夏令营
6,下属
1,下午
1,下雨
5,下载
3,先
6,先进
6,鲜明
6,掀起
6,先前
1,先生
6,纤维
5,鲜艳
6,弦
6,嫌
4,咸
6,闲话
6,贤惠
6,衔接
6,嫌疑
5,显得
5,显然
5,显示
6,显著
5,县
6,现场
6,现成
4,现代
6,宪法
6,陷害
5,现金
4,羡慕
6,馅儿
6,陷入
5,现实
6,线索
5,现象
1,现在
4,限制
6,现状
4,香
6,相差
5,相处
5,相当
6,相等
5,相对
4,相反
6,相辅相成
5,相关
3,香蕉
5,相连
6,镶嵌
5,相似
3,相同
3,相信
6,相应
6,乡镇
4,详细
4,响
1,想
6,想方设法
6,响亮
5,想念
5,享受
5,想象
6,响应
5,像
3,向
6,巷
6,项
6,向导
6,向来
5,项链
5,项目
5,橡皮
5,象棋
6,向往
5,象征
6,消除
6,消毒
6,消防
5,消费
6,消耗
5,消化
6,销毁
6,消极
5,消灭
5,消失
5,销售
4,消息
1,小
5,小吃
5,小伙子
1,小姐
5,小麦
6,小气
2,小时
4,小说
5,小偷
3,小心
6,小心翼翼
2,笑
4,效果
4,笑话
5,效率
6,孝顺
6,肖像
6,效益
3,校长
1,些
5,歇
5,斜
3,鞋
6,携带
6,协会
6,协商
5,协调
6,协议
6,协助
1,写
6,写作
6,屑
6,谢绝
6,泄露
6,泄气
1,谢谢
2,新
6,新陈代谢
6,心得
4,辛苦
6,新郎
5,心理
6,心灵
6,新娘
6,辛勤
4,心情
5,欣赏
6,薪水
6,心态
6,心疼
6,欣慰
3,新闻
3,新鲜
6,欣欣向荣
6,心血
6,心眼儿
6,新颖
5,心脏
3,信
5,信封
5,信号
6,信赖
6,信念
4,信任
5,信息
4,信心
6,信仰
4,信用卡
6,信誉
6,腥
4,兴奋
6,兴高采烈
6,兴隆
1,星期
6,兴旺
4,行
5,形成
5,行动
3,行李箱
5,行人
5,形容
5,形势
5,形式
6,刑事
6,形态
5,行为
5,形象
6,行政
5,形状
4,醒
2,姓
4,性别
4,幸福
6,性感
4,性格
6,幸好
5,幸亏
6,性命
6,性能
6,性情
3,兴趣
5,幸运
5,性质
6,兴致勃勃
5,胸
5,兄弟
6,凶恶
6,胸怀
6,凶手
6,胸膛
6,雄厚
3,熊猫
5,雄伟
4,修
6,羞耻
6,修复
5,修改
6,修建
6,修理
2,休息
5,休闲
6,修养
6,绣
6,嗅觉
6,虚假
6,需求
6,虚荣
6,虚伪
5,虚心
3,需要
6,须知
4,许多
6,许可
6,酗酒
6,畜牧
5,叙述
6,序言
5,宣布
5,宣传
6,宣誓
6,宣扬
6,悬挂
6,旋律
6,悬念
6,悬崖峭壁
6,旋转
6,选拔
5,选举
6,选手
3,选择
6,削弱
6,学历
5,学期
1,学生
5,学术
6,学说
6,学位
5,学问
1,学习
1,学校
2,雪
6,雪上加霜
4,血
6,血压
6,熏陶
6,循环
6,巡逻
6,寻觅
5,询问
6,循序渐进
5,寻找
5,训练
5,迅速
6,押金
4,压力
6,压迫
6,压岁钱
6,压缩
6,压抑
6,压榨
6,压制
4,牙膏
6,亚军
4,亚洲
4,呀
6,烟花爆竹
6,淹没
4,盐
5,延长
4,严格
6,沿海
6,严寒
6,严禁
4,研究生
6,严峻
6,严厉
6,言论
6,严密
6,延期
6,炎热
2,颜色
6,延伸
6,岩石
5,严肃
6,延续
4,严重
6,演变
4,演出
6,掩盖
6,眼光
6,掩护
6,演讲
3,眼镜
2,眼睛
6,眼色
6,眼神
6,掩饰
6,演习
6,眼下
6,演绎
4,演员
6,演奏
5,宴会
6,验收
6,厌恶
6,验证
4,阳光
2,羊肉
5,阳台
5,痒
4,养成
6,氧气
6,样品
5,样式
4,样子
5,腰
4,邀请
3,要求
5,摇
6,摇摆
6,摇滚
6,摇晃
6,遥控
6,谣言
6,遥远
5,咬
6,咬牙切齿
2,药
3,要
5,要不
6,要不然
6,要点
6,要命
5,要是
4,钥匙
6,要素
6,耀眼
3,爷爷
2,也
6,野蛮
6,野心
4,也许
5,夜
4,页
5,液体
5,业务
5,业余
4,叶子
1,一
3,一般
5,一辈子
3,一边
6,依次
5,一旦
3,一定
6,一度
6,一帆风顺
1,衣服
3,一共
6,一贯
3,一会儿
6,依旧
6,一举两得
6,依据
6,依靠
6,依赖
6,一流
5,一路平安
6,一律
6,一目了然
2,一起
4,一切
5,依然
6,一如既往
6,衣裳
1,医生
6,一丝不苟
6,依托
6,一向
3,一样
1,医院
6,一再
3,一直
5,一致
6,遗产
6,遗传
5,移动
5,遗憾
6,疑惑
6,遗留
5,移民
6,仪器
6,遗失
6,仪式
5,疑问
5,乙
4,以
6,以便
3,以后
5,以及
2,已经
5,以来
6,以免
3,以前
6,以往
3,以为
6,以至
6,以致
1,椅子
4,亿
6,亦
6,翼
6,异常
4,意见
6,毅力
6,意料
5,议论
6,毅然
6,意识
4,艺术
2,意思
6,意图
5,意外
6,意味着
5,义务
6,意向
5,意义
6,意志
6,抑制
2,阴
4,因此
5,因而
6,阴谋
5,因素
2,因为
6,音响
3,音乐
5,银
3,银行
6,隐蔽
6,引导
6,隐患
4,饮料
6,隐瞒
4,引起
6,引擎
6,饮食
6,隐私
6,引用
6,隐约
6,印刷
4,印象
6,婴儿
3,应该
5,英俊
6,英明
5,英雄
6,英勇
4,赢
5,迎接
6,盈利
6,迎面
6,荧屏
5,营养
5,营业
3,影响
5,影子
4,硬
5,硬币
6,应酬
5,应付
5,硬件
5,应聘
6,应邀
5,应用
5,拥抱
6,拥护
5,拥挤
6,庸俗
6,拥有
4,勇敢
6,永恒
5,勇气
6,涌现
6,勇于
4,永远
6,踊跃
3,用
6,用功
6,用户
5,用途
4,优点
5,优惠
5,悠久
5,优美
4,幽默
6,优胜劣汰
5,优势
6,优先
4,优秀
6,优异
6,忧郁
6,优越
4,由
5,邮局
5,游览
6,油腻
6,油漆
4,尤其
6,犹如
3,游戏
2,游泳
4,由于
5,犹豫
5,油炸
1,有
4,友好
5,有利
3,有名
4,有趣
6,有条不紊
4,友谊
3,又
2,右边
5,幼儿园
6,诱惑
6,幼稚
2,鱼
6,愚蠢
4,愉快
5,娱乐
6,舆论
6,愚昧
6,渔民
4,于是
5,与
4,语法
4,羽毛球
5,与其
5,语气
6,与日俱增
6,羽绒服
4,语言
6,予以
5,宇宙
6,愈
6,熨
5,预报
3,遇到
5,预订
5,预防
6,预料
5,玉米
6,预期
6,预赛
6,预算
6,欲望
4,预习
6,预先
6,预言
6,寓言
6,预兆
6,冤枉
2,圆
4,元
5,元旦
6,原告
5,缘故
4,原来
6,原理
4,原谅
5,原料
6,园林
6,圆满
6,源泉
6,原始
6,元首
6,元素
6,原先
6,元宵节
4,原因
5,原则
2,远
5,愿望
3,愿意
4,约会
6,约束
1,月
3,越
4,阅读
6,岳父
3,月亮
6,乐谱
5,晕
3,云
4,允许
6,蕴藏
2,运动
6,酝酿
5,运气
5,运输
6,运算
6,运行
5,运用
6,孕育
6,砸
6,杂技
6,杂交
4,杂志
6,咋
5,灾害
6,灾难
6,栽培
6,宰
2,再
1,在
6,在乎
1,再见
6,再接再厉
5,再三
6,在意
4,咱们
6,攒
5,赞成
5,赞美
6,暂且
4,暂时
6,赞叹
6,赞同
6,赞扬
6,赞助
5,脏
5,糟糕
6,遭受
6,糟蹋
6,遭殃
6,遭遇
2,早上
5,造成
6,造反
6,造型
6,噪音
5,则
5,责备
6,责怪
4,责任
6,贼
1,怎么
1,怎么样
4,增加
6,增添
4,增长
6,赠送
6,渣
6,扎
6,扎实
6,眨
6,诈骗
5,摘
6,摘要
4,窄
6,债券
6,沾光
5,粘贴
6,瞻仰
6,斩钉截铁
5,展开
5,展览
6,展示
6,展望
6,展现
6,崭新
3,站
6,战斗
6,占据
6,占领
6,战略
6,战术
5,占线
6,战役
6,占有
5,战争
2,张
6,章程
3,长
5,涨
6,长辈
5,掌握
6,障碍
2,丈夫
5,账户
6,帐篷
5,招待
4,招聘
6,朝气蓬勃
6,招收
6,招投标
3,着急
5,着凉
6,着迷
2,找
6,沼泽
5,照常
3,照顾
5,召开
6,照料
3,照片
3,照相机
6,照样
6,照耀
6,照应
6,遮挡
6,折腾
6,折
6,折磨
5,哲学
1,这
1,这儿
2,着
2,真
5,针对
6,珍贵
5,真理
5,真实
6,侦探
5,珍惜
6,珍稀
6,真相
4,真正
6,真挚
6,珍珠
6,斟酌
5,诊断
5,枕头
5,阵
6,阵地
6,镇定
5,振动
6,振奋
6,震惊
6,镇静
6,阵容
6,振兴
6,镇压
5,睁
6,争端
6,争夺
6,蒸发
6,征服
5,争论
6,争气
5,征求
5,争取
6,征收
6,争先恐后
6,争议
6,正月
6,挣扎
6,整顿
5,整个
4,整理
4,整齐
5,整体
5,正
5,政策
4,正常
6,正当
5,政府
6,正负
6,正规
4,正好
5,证件
6,正经
5,证据
4,证明
6,正气
5,挣钱
6,政权
4,正确
6,证实
4,正式
6,证书
6,正义
2,正在
5,政治
6,郑重
6,症状
4,之
5,支
4,只
6,枝
6,支撑
4,支持
6,支出
5,知道
6,脂肪
6,知觉
6,支流
6,支配
5,支票
4,知识
6,支援
6,支柱
6,知足常乐
5,直
6,值班
6,直播
4,值得
4,直接
6,殖民地
6,职能
6,职位
4,植物
6,职务
5,执行
4,职业
5,执照
3,只
4,指
6,指标
5,指导
6,指定
4,只好
5,指挥
6,指甲
6,指令
6,指南针
6,指示
6,指望
4,只要
6,指责
6,治安
6,制裁
6,致辞
5,制定
6,制订
5,制度
6,制服
5,智慧
5,至今
6,治理
6,智力
6,致力于
4,质量
5,治疗
6,滞留
6,智能
6,志气
6,智商
4,至少
6,致使
5,秩序
5,至于
5,志愿者
6,制约
4,制造
6,制止
5,制作
5,钟
6,忠诚
6,终点
6,中断
1,中国
3,中间
5,中介
6,终究
6,中立
6,终年
6,终身
6,忠实
4,中文
1,中午
5,中心
6,衷心
5,中旬
6,中央
3,终于
6,终止
3,种
6,肿瘤
6,种子
6,种族
5,重
4,重点
5,重量
4,重视
6,众所周知
6,重心
3,重要
6,州
6,舟
6,粥
6,周边
5,周到
6,周密
3,周末
6,周年
6,周期
4,周围
6,周折
6,周转
6,皱纹
6,昼夜
4,猪
6,株
6,诸位
5,逐步
4,逐渐
6,逐年
5,竹子
5,煮
6,拄
6,主办
5,主持
6,主导
4,主动
5,嘱咐
5,主观
6,主管
6,主流
6,主权
5,主人
6,主题
5,主席
3,主要
4,主意
5,主张
1,住
3,祝
5,注册
5,祝福
4,祝贺
6,助理
4,著名
6,注射
6,注视
6,注释
6,助手
3,注意
6,铸造
6,驻扎
6,住宅
6,注重
6,著作
5,抓紧
6,拽
6,专长
6,专程
5,专家
6,专科
6,专利
4,专门
6,专题
6,砖瓦
5,专心
4,专业
5,转变
6,转达
5,转告
6,转让
6,转移
6,转折
4,赚
6,传记
5,装
6,装备
5,装饰
6,装卸
6,庄严
6,庄重
6,幢
4,撞
6,壮观
5,状况
6,壮丽
6,壮烈
5,状态
6,追悼
6,追究
5,追求
2,准备
4,准确
4,准时
6,准则
1,桌子
6,琢磨
6,着手
6,着想
6,卓越
6,着重
6,资本
6,资产
5,资格
5,资金
5,资料
6,资深
5,姿势
6,姿态
6,滋味
5,咨询
5,资源
6,滋长
6,资助
5,紫
6,子弹
4,仔细
1,字
6,自卑
5,自从
3,字典
5,自动
6,自发
5,自豪
3,自己
5,自觉
6,自力更生
6,自满
6,字母
5,字幕
4,自然
5,自私
5,自信
2,自行车
5,自由
5,自愿
6,自主
5,综合
6,踪迹
5,宗教
6,棕色
6,宗旨
5,总裁
6,总而言之
5,总共
6,总和
4,总结
5,总理
3,总是
5,总算
5,总统
5,总之
6,纵横
2,走
6,走廊
6,走漏
6,走私
6,揍
4,租
6,租赁
6,足以
6,组
6,阻碍
4,组成
6,祖父
5,祖国
5,组合
6,阻拦
6,阻挠
5,祖先
4,组织
5,阻止
6,钻研
6,钻石
4,嘴
6,嘴唇
2,最
5,醉
5,最初
5,罪犯
4,最好
4,最后
3,最近
5,尊敬
5,遵守
6,遵循
6,尊严
4,尊重
1,昨天
2,左边
6,左右
1,做
1,坐
4,座
6,作弊
6,做东
6,作废
6,作风
5,作品
4,做生意
5,作为
4,座位
5,作文
6,作息
3,作业
3,作用
6,座右铭
4,作者
6,做主
